type,seed,settlement_block_height,pool_satoshi,winner_count,platform_fee_percentage,dust_threshold_satoshi,payout_fee_multiplier,fee_rate_sat_vb,tx_overhead_vbytes,input_p2wsh_bytes,output_default_vbytes
header,a3f8c1d90e7b4562,852000,100000,3,2,10000,1,2,12,110,34
type,address,referral_code,holding_score_sat_blocks,average_holding_satoshi,join_block_height
balance,bc1qar0srrr7xfkvy5l643lydnw9re59gtzzwf5mdq,,296400000000,100000000,849037
balance,bc1qwqdg6squsna38e46795at95yu9atm8azzmyvck,,505000000,5000000,851900
balance,bc1qx9t2l3pyny2spqpqlye8svce70nppwtaxwdrp4,,120150000000,150000000,851200
type,platform_fee_satoshi,estimated_miner_fee_satoshi,distributable_satoshi,fee_rate_sat_vb
result_summary,2000,448,97552,2
type,address,holding_score_sat_blocks,average_holding_satoshi,join_block_height,original_reward_satoshi,final_reward_satoshi,is_dust
result_winner,bc1qar0srrr7xfkvy5l643lydnw9re59gtzzwf5mdq,296400000000,100000000,849037,69281,69415,false
result_winner,bc1qwqdg6squsna38e46795at95yu9atm8azzmyvck,505000000,5000000,851900,118,0,true
result_winner,bc1qx9t2l3pyny2spqpqlye8svce70nppwtaxwdrp4,120150000000,150000000,851200,28084,28137,false
